#id,employeeId,employerId,evaluationDate,nextEvaluationDate,qualityScore,qualityComments,habitScore,habitComment,knowledgeScore,knowledgeComments,behaviorScore,behaviorComment,overallScore,overallComment,recommendation
100,90000,1,10/31/2012,3/8/2012,1,pulvinar arcu et pede. Nunc sed orci lobortis augue scelerisque mollis. Phasellus libero mauris,2, accumsan sed,3, orci. Phasellus dapibus quam quis diam. Pellentesque habitant morbi tristique senectus et netus et malesuada fames ac turpis egestas. Fusce aliquet magna a neque. Nullam ut nisi a odio semper,1,dolor egestas rhoncus. Proin nisl sem,2, posuere at,0
101,90001,2,9/5/2012,4/5/2012,2,id,2, elementum at,1, scelerisque sed,2,5,2, nunc nulla vulputate dui,1
102,90002,3,3/16/2012,3/13/2012,3,arcu. Vestibulum ante ipsum primis in faucibus orci luctus et ultrices posuere cubilia Curae; Phasellus ornare. Fusce mollis. Duis sit amet diam eu dolor egestas rhoncus. Proin nisl sem,3, mollis vitae,1, velit. Cras lorem lorem,3, pellentesque eget,2,3,1
103,90003,4,12/16/2012,1/1/2013,4,ornare. In faucibus. Morbi vehicula. Pellentesque tincidunt tempus risus. Donec egestas. Duis ac arcu. Nunc mauris. Morbi non sapien molestie orci tincidunt adipiscing. Mauris molestie pharetra nibh. Aliquam ornare,1, nisl arcu iaculis enim,1,4,4, condimentum eget,2, ipsum. Donec sollicitudin adipiscing ligula. Aenean gravida nunc sed pede. Cum sociis natoque penatibus et magnis dis parturient montes,0
104,90004,5,7/26/2012,1/30/2012,4,sit amet lorem semper auctor. Mauris vel turpis. Aliquam adipiscing lobortis risus. In mi pede,2, molestie in,1, ligula. Aenean euismod mauris eu elit. Nulla facilisi. Sed neque. Sed eget lacus. Mauris non dui nec urna suscipit nonummy. Fusce fermentum fermentum arcu. Vestibulum ante ipsum primis in,2,sed pede. Cum sociis natoque penatibus et magnis dis parturient montes,2, lacinia vitae,0
105,90005,6,2/22/2012,4/1/2012,2,morbi tristique senectus et netus et malesuada fames ac turpis egestas. Aliquam fringilla cursus purus. Nullam scelerisque neque sed sem egestas blandit. Nam nulla magna,3, convallis in,1, eros. Proin ultrices. Duis volutpat nunc sit amet metus. Aliquam erat volutpat. Nulla facilisis. Suspendisse commodo tincidunt nibh. Phasellus,2,vehicula aliquet libero. Integer in magna. Phasellus dolor elit,2, bibendum sed,0
106,90006,7,2/5/2012,4/23/2012,2,dictum. Phasellus in felis. Nulla tempor augue ac ipsum. Phasellus vitae mauris sit amet lorem semper auctor. Mauris vel turpis. Aliquam adipiscing lobortis risus. In mi pede,2, molestie in,1, ligula. Aenean euismod mauris eu elit. Nulla facilisi. Sed neque. Sed eget lacus. Mauris non dui nec,3,ac libero nec ligula consectetuer rhoncus. Nullam velit dui,2, sodales at,0
107,90007,8,5/27/2012,10/30/2012,4,Donec sollicitudin adipiscing ligula. Aenean gravida nunc sed pede. Cum sociis natoque penatibus et magnis dis parturient montes,1, semper et,4, sodales at,1,5,2, dui lectus rutrum urna,0
108,90008,9,8/20/2012,2/14/2012,4,pede. Suspendisse dui. Fusce diam nunc,4, euismod ac,3, mauris. Integer sem elit,2, pharetra sed,2, auctor vitae,0
109,90009,10,7/19/2012,7/4/2012,4,dolor,5, lacinia at,2, pede. Praesent eu dui. Cum sociis natoque penatibus et magnis dis parturient montes,2, lorem fringilla ornare placerat,1,vehicula. Pellentesque tincidunt tempus risus. Donec egestas. Duis ac arcu. Nunc mauris. Morbi non sapien molestie orci tincidunt adipiscing. Mauris molestie pharetra nibh. Aliquam ornare,0
110,90010,11,7/29/2012,3/31/2012,4,velit. Cras lorem lorem,1, pellentesque eget,1, augue. Sed molestie. Sed id risus quis diam luctus lobortis. Class aptent taciti sociosqu ad litora torquent per conubia nostra,1,2,3, facilisis non,1
111,90011,12,1/10/2012,6/6/2012,2,vitae velit egestas lacinia. Sed congue,2, nunc nulla vulputate dui,5,3,1, gravida sit amet,3, nisi. Cum sociis natoque penatibus et magnis dis parturient montes,1
112,90012,13,1/30/2012,6/1/2012,5,non,3, malesuada id,4, elementum at,1, scelerisque sed,5,ullamcorper eu,1
113,90013,14,1/27/2012,11/16/2012,2,Cras interdum. Nunc sollicitudin commodo ipsum. Suspendisse non leo. Vivamus nibh dolor,4, feugiat non,3, pede. Suspendisse dui. Fusce diam nunc,2, euismod ac,5, pharetra ut,1
114,90014,15,7/12/2012,8/16/2012,5,ligula consectetuer rhoncus. Nullam velit dui,5, lacinia vitae,2, velit. Pellentesque ultricies dignissim lacus. Aliquam rutrum lorem ac risus. Morbi metus. Vivamus euismod urna. Nullam lobortis quam a felis ullamcorper viverra. Maecenas iaculis aliquet diam. Sed diam lorem,1, tristique ac,4,1,1
115,90015,16,6/16/2012,7/23/2012,2,semper. Nam tempor diam dictum sapien. Aenean massa. Integer vitae nibh. Donec est mauris,4, mollis nec,1, enim. Suspendisse aliquet,2, ipsum leo elementum sem,3,mi lacinia mattis. Integer eu lacus. Quisque imperdiet,1
116,90016,17,8/24/2012,8/3/2012,3,quam,3, egestas a,5, sapien. Nunc pulvinar arcu et pede. Nunc sed orci lobortis augue scelerisque mollis. Phasellus libero mauris,3, accumsan sed,1,2,0
117,90017,18,3/19/2012,1/10/2012,2,vestibulum. Mauris magna. Duis dignissim tempor arcu. Vestibulum ut eros non enim commodo hendrerit. Donec porttitor tellus non magna. Nam ligula elit,2, rutrum non,4, ante. Nunc mauris sapien,4, hendrerit consectetuer,1,5,0
118,90018,19,3/4/2012,6/9/2012,5,ipsum porta elit,1, lorem ut aliquam iaculis,3, eu tempor erat neque non quam. Pellentesque habitant morbi tristique senectus et netus et malesuada fames ac turpis egestas. Aliquam fringilla cursus purus. Nullam scelerisque neque sed sem egestas,1,mus. Proin vel arcu eu odio tristique pharetra. Quisque ac libero nec ligula consectetuer rhoncus. Nullam velit dui,2, sodales at,0
119,90019,20,2/3/2012,11/28/2012,4,gravida sagittis. Duis gravida. Praesent eu nulla at sem molestie sodales. Mauris blandit enim consequat purus. Maecenas libero est,1, aliquet vel,2, odio. Phasellus at augue id ante dictum cursus. Nunc mauris elit,2, eleifend nec,1,5,0
120,90020,21,2/21/2012,12/26/2012,2,ante. Maecenas mi felis,1, porttitor vulputate,1, lacus. Cras interdum. Nunc sollicitudin commodo ipsum. Suspendisse non leo. Vivamus nibh dolor,1, feugiat non,3, ullamcorper eu,0
121,90021,22,9/15/2012,8/16/2012,1,at,1, pede. Praesent eu dui. Cum sociis natoque penatibus et magnis dis parturient montes,5, lorem fringilla ornare placerat,2, sit amet,4, urna justo faucibus lectus,0
122,90022,23,1/27/2012,8/8/2012,2,risus varius orci,1, adipiscing non,4, faucibus ut,1, dui quis accumsan convallis,3,3,0
123,90023,24,11/25/2012,3/19/2012,2,in consectetuer ipsum nunc id enim. Curabitur massa. Vestibulum accumsan neque et nunc. Quisque ornare tortor at risus. Nunc ac sem ut dolor dapibus gravida. Aliquam tincidunt,2, lectus ante dictum mi,3, adipiscing fringilla,2, posuere vulputate,2,sed tortor. Integer aliquam adipiscing lacus. Ut nec urna et arcu imperdiet ullamcorper. Duis at lacus. Quisque purus sapien,0
124,90024,25,3/20/2012,8/28/2012,1,arcu. Nunc mauris. Morbi non sapien molestie orci tincidunt adipiscing. Mauris molestie pharetra nibh. Aliquam ornare,1, nisl arcu iaculis enim,2, ultrices a,2, feugiat nec,1,nec urna et arcu imperdiet ullamcorper. Duis at lacus. Quisque purus sapien,0
125,90025,26,12/19/2012,12/30/2012,2,Nunc commodo auctor velit. Aliquam nisl. Nulla eu neque pellentesque massa lobortis ultrices. Vivamus rhoncus. Donec est. Nunc ullamcorper,4, nisi nibh lacinia orci,1,4,1, aliquam eu,2, orci. Phasellus dapibus quam quis diam. Pellentesque habitant morbi tristique senectus et netus et malesuada fames ac turpis egestas. Fusce aliquet magna a neque. Nullam ut nisi a odio semper cursus. Integer mollis. Integer tincidunt aliquam arcu. Aliquam ultrices,1
126,90026,27,12/13/2012,5/10/2012,2,sit amet,4, nulla. Cras eu tellus eu augue porttitor interdum. Sed auctor odio a purus. Duis elementum,5, ante lectus convallis est,1, enim nec tempus scelerisque,1,2,1
127,90027,28,12/11/2012,5/10/2012,3,Nullam scelerisque neque sed sem egestas blandit. Nam nulla magna,5, convallis in,4, eros. Proin ultrices. Duis volutpat nunc sit amet metus. Aliquam erat volutpat. Nulla facilisis. Suspendisse commodo tincidunt nibh. Phasellus nulla. Integer vulputate,3, enim mi tempor lorem,5,lectus ante dictum mi,1
128,90028,29,2/26/2012,9/8/2012,1,Nunc ut erat. Sed nunc est,3, cursus non,3, dui. Cras pellentesque. Sed dictum. Proin eget odio. Aliquam vulputate ullamcorper magna. Sed eu eros. Nam consequat dolor vitae dolor. Donec fringilla. Donec feugiat metus sit amet ante. Vivamus non lorem vitae odio sagittis semper. Nam tempor diam,4,sit amet metus. Aliquam erat volutpat. Nulla facilisis. Suspendisse commodo tincidunt nibh. Phasellus nulla. Integer vulputate,2, eget mollis lectus pede et risus. Quisque libero lacus,1
129,90029,30,8/27/2012,11/15/2012,2,Suspendisse aliquet molestie tellus. Aenean egestas hendrerit neque. In ornare sagittis felis. Donec tempor,1, dui lectus rutrum urna,2, vehicula et,1, ultrices sit amet,3, dapibus id,0
